,count,mean,std,min,25%,50%,75%,max
capacity_Ahr,3087.0,1.2931844583243364,0.41807912056845997,0.10603180131397782,0.9951907680460241,1.376744834668327,1.6517464805494098,2.6401491157387014
SOH,3087.0,73.74911541468063,15.949412990507803,5.301590065698891,65.16918499423463,77.12811351585749,86.42008650329052,100.0
RUL,3087.0,747.2578555231617,1586.6847561731138,0.0,60.0,172.0,401.0,8200.0
ambient_temp,3087.0,23.035957240038872,13.396527547803773,4.0,4.0,24.0,40.0,44.0
cycle_num,3087.0,752.5160349854227,1611.8187740925655,0.0,62.0,159.0,395.0,8200.0
